City_ID,City,Country,Lat,Lng,Max Temp,Humidity,Cloudiness,Wind Speed
0,Caravelas,BR,-17.7125,-39.2481,67.73,97,100,2.3
1,Sainte-Maxime,FR,43.3,6.6333,51.93,96,100,8.81
2,Chuy,UY,-33.6971,-53.4616,58.96,69,1,10.6
3,Dikson,RU,73.5069,80.5464,9.57,94,100,20.54
4,Kamthi,IN,21.2333,79.2,71.94,50,19,4.29
5,North Myrtle Beach,US,33.816,-78.68,51.06,85,0,3.44
6,Bubaque,GW,11.2833,-15.8333,81.46,53,0,8.7
7,Punta Arenas,CL,-53.15,-70.9167,53.11,71,100,16.24
8,Cidreira,BR,-30.1811,-50.2056,70.14,90,65,1.36
9,Ostrovnoy,RU,68.0531,39.5131,14.97,88,84,27.83
10,Ribeira Grande,PT,38.5167,-28.7,61.77,94,100,21.0
11,Necochea,AR,-38.5473,-58.7368,53.85,80,0,9.89
12,Nevsehir,TR,38.9167,34.6667,47.41,87,75,2.3
13,Saurimo,AO,-9.6608,20.3916,62.28,97,100,2.66
14,Kumluca,TR,36.3703,30.2869,61.66,76,35,6.38
15,Grand Gaube,MU,-20.0064,57.6608,77.4,68,100,5.99
16,Qaanaaq,GL,77.484,-69.3632,15.42,70,100,7.56
17,Sinnamary,GF,5.3833,-52.95,75.63,90,85,7.65
18,Port Alfred,ZA,-33.5906,26.891,67.17,97,24,1.01
19,Richards Bay,ZA,-28.783,32.0377,73.09,97,67,4.59
20,Raga,SS,8.4596,25.678,66.72,25,0,4.45
21,Mondlo,ZA,-27.983,30.7177,61.14,92,60,2.51
22,Lagoa,PT,39.05,-27.9833,59.38,86,100,22.48
23,Tasiilaq,GL,65.6145,-37.6368,17.76,62,91,3.44
24,Sao Filipe,CV,14.8961,-24.4956,77.18,68,0,11.03
25,Sergeyevka,KZ,53.88,67.4158,-2.99,90,24,4.65
26,Laguna,US,38.421,-121.4238,47.1,84,0,3.44
27,Kouroussa,GN,10.65,-9.8833,69.49,22,0,2.71
28,Bereda,ES,43.2686,-7.5406,45.14,100,100,2.04
29,Nanortalik,GL,60.1432,-45.2371,20.48,78,37,3.74
30,Abay,KZ,49.6311,72.8539,-14.42,75,0,5.68
31,Coihaique,CL,-45.5752,-72.0662,50.61,81,0,3.44
32,Salvador,SV,13.8333,-88.9167,69.04,81,0,0.56
33,Opoczno,PL,51.3757,20.2783,22.91,93,100,10.04
34,Port Elizabeth,ZA,-33.918,25.5701,68.29,99,100,5.75
35,Saint-Philippe,RE,-21.3585,55.7679,78.39,85,57,14.43
36,Vila Velha,BR,-20.3297,-40.2925,71.55,90,0,2.3
37,Castro,BR,-24.7911,-50.0119,56.77,75,1,2.98
38,Hattiesburg,US,31.3271,-89.2903,45.73,97,0,0.0
39,Ushuaia,AR,-54.8,-68.3,49.66,71,75,2.3
40,Tashara,RU,55.5195,83.5094,-10.41,96,78,3.74
41,San Cristobal,VE,7.7669,-72.225,69.98,92,90,2.1
42,Berlevag,NO,70.8578,29.0864,33.75,69,100,25.32
43,Jamestown,US,42.097,-79.2353,40.59,75,100,10.36
44,Damaturu,NG,11.747,11.9608,67.77,20,100,8.77
45,Cape Town,ZA,-33.9258,18.4232,73.38,79,84,1.99
46,East London,ZA,-33.0153,27.9116,67.86,83,11,3.51
47,Mayumba,GA,-3.432,10.6554,76.57,87,99,4.0
48,Busselton,AU,-33.65,115.3333,76.14,40,0,9.28
49,Upernavik,GL,72.7868,-56.1549,21.51,91,100,14.32
50,Bondo,CD,3.8146,23.6866,66.16,85,16,2.95
51,Longyearbyen,SJ,78.2186,15.6401,4.84,72,75,8.05
52,Klaksvik,FO,62.2266,-6.589,29.32,50,100,7.11
53,Anloga,GH,5.7947,0.8973,80.19,85,100,8.39
54,Axim,GH,4.8699,-2.2405,77.68,86,98,5.82
55,Bredasdorp,ZA,-34.5322,20.0403,68.65,95,100,8.21
56,Lebu,CL,-37.6167,-73.65,57.7,83,0,21.99
57,Mount Pleasant,US,32.7941,-79.8626,54.0,89,0,0.0
58,Touros,BR,-5.1989,-35.4608,77.29,79,100,11.63
59,Arraial Do Cabo,BR,-22.9661,-42.0278,72.7,80,38,15.21
60,Talara,PE,-4.5772,-81.2719,68.76,87,47,10.69
61,Atar,MR,20.5169,-13.0499,71.87,36,0,7.09
62,Carballo,ES,43.213,-8.691,52.86,93,100,3.15
63,Luderitz,NA,-26.6481,15.1594,65.61,92,92,8.41
64,Maldonado,UY,-34.6667,-54.9167,60.22,68,0,7.58
65,Vardo,NO,70.3705,31.1107,33.78,80,40,28.77
66,Birao,CF,10.2849,22.7882,66.04,20,46,8.12
67,Georgetown,MY,5.4112,100.3354,85.93,75,20,2.3
68,Codrington,AU,-38.2667,141.9667,61.27,66,90,17.05
69,Bedele,ET,8.456,36.353,52.02,86,16,1.52
70,Fatezh,RU,52.0891,35.8632,30.18,97,99,8.23
71,Japura,ID,-0.3167,102.35,86.07,69,99,1.81
72,Coquimbo,CL,-29.9533,-71.3436,60.53,100,75,6.91
73,Pangody,RU,65.85,74.4859,8.47,91,100,16.42
74,Amapa,BR,1.0,-52.0,71.98,93,100,2.08
75,Keetmanshoop,NA,-26.5833,18.1333,66.11,68,21,8.19
76,Saldanha,ZA,-33.0117,17.9442,65.32,96,46,6.31
77,Iranduba,BR,-3.2847,-60.1861,79.09,76,93,1.14
78,Amalapuram,IN,16.5833,82.0167,78.28,66,9,3.65
79,Bambous Virieux,MU,-20.3428,57.7575,77.25,69,40,11.5
80,Belmonte,BR,-15.8631,-38.8828,69.35,97,100,3.33
81,Havre-Saint-Pierre,CA,50.2334,-63.5986,27.32,73,12,16.31
82,Moundsville,US,39.9203,-80.7431,44.15,94,84,4.56
83,Beysehir,TR,37.6773,31.7246,46.42,91,66,3.49
84,Hithadhoo,MV,-0.6,73.0833,81.03,72,85,11.07
85,Souillac,MU,-20.5167,57.5167,77.38,69,40,11.5
86,Cayeli,TR,41.0923,40.7292,57.96,75,100,2.26
87,Linhares,BR,-19.3911,-40.0722,68.45,93,78,1.97
88,Semey,KZ,50.4111,80.2275,-16.38,69,3,11.18
89,Bandarbeyla,SO,9.4942,50.8122,73.54,77,0,14.88
90,Punta Umbria,ES,37.1821,-6.9661,52.23,86,49,8.19
91,Lokosovo,RU,61.1333,74.8167,0.55,82,13,11.54
92,Canoinhas,BR,-26.1772,-50.39,56.53,80,6,1.16
93,Logrono,ES,42.4667,-2.45,49.42,81,0,9.22
94,Mar Del Plata,AR,-38.0023,-57.5575,60.13,74,75,11.5
95,Victoria,HK,22.2855,114.1577,66.25,91,100,8.99
96,Rendsburg,DE,54.3,9.6667,34.14,93,100,3.44
97,Hermanus,ZA,-34.4187,19.2345,70.81,90,99,9.28
98,Pucallpa,PE,-8.3791,-74.5539,82.44,74,40,3.44
99,Tocopilla,CL,-22.092,-70.1979,68.9,75,17,2.35
100,Cayenne,GF,4.9333,-52.3333,73.44,100,75,2.3
101,Mahon,ES,39.8885,4.2658,59.56,82,20,13.8
102,Saint George,US,37.1041,-113.5841,41.59,48,0,1.99
103,Mahebourg,MU,-20.4081,57.7,77.29,69,40,11.5
104,Porto Belo,BR,-27.1578,-48.5531,75.15,81,14,8.77
105,Toamasina,MG,-18.1667,49.3833,73.71,90,86,3.74
106,Grindavik,IS,63.8424,-22.4338,21.67,63,20,17.27
107,Limeil-Brevannes,FR,48.7448,2.4871,29.89,88,0,8.05
108,Veraval,IN,20.9,70.3667,76.12,57,100,8.46
109,Chimbote,PE,-9.0853,-78.5783,68.77,84,100,5.77
110,Columbia,US,34.0007,-81.0348,42.48,91,0,3.44
111,Karasburg,NA,-28.0167,18.75,63.12,74,22,12.26
112,Ogbomosho,NG,8.133,4.25,72.73,80,92,2.73
113,Venice,US,27.0998,-82.4543,70.0,95,75,8.01
114,Cape Canaveral,US,28.4058,-80.6048,71.01,88,75,12.66
115,Matagami,CA,49.7502,-77.6328,30.4,86,100,14.27
116,Kogon,UZ,39.7228,64.5517,32.04,86,0,0.0
117,Baghramyan,AM,40.1934,44.3683,34.59,93,100,0.0
118,Leh,IN,34.1667,77.5833,15.82,43,83,1.81
119,Zaragoza,ES,41.6561,-0.8773,51.03,83,75,1.99
120,Muros,ES,42.7762,-9.0603,51.1,96,100,10.04
121,Naryan-Mar,RU,67.6713,53.087,16.14,86,100,21.18
122,Dingle,PH,10.9995,122.6711,83.98,74,100,14.34
123,Ashqelon,IL,31.6693,34.5715,58.82,83,0,5.21
124,Killybegs,IE,54.6333,-8.45,39.88,72,100,14.07
125,Kubuta,SZ,-26.8833,31.4833,68.43,94,37,1.34
126,Erzincan,TR,39.75,39.5,40.3,93,75,1.14
127,Hambantota,LK,6.1241,81.1185,77.68,76,64,10.16
128,Normandin,CA,48.8333,-72.5321,25.34,86,100,8.52
129,Buraydah,SA,26.326,43.975,59.77,55,46,9.64
130,Dudinka,RU,69.4058,86.1778,2.62,91,100,23.69
131,Gornyy,RU,55.1153,83.9059,-13.16,98,46,4.12
132,Banda Aceh,ID,5.5577,95.3222,81.28,78,53,2.04
133,Wattegama,LK,6.7989,81.4808,78.85,69,25,7.74
134,Sibi,PK,29.5448,67.8764,59.86,18,0,1.83
135,Sidi Ali,DZ,36.0998,0.4206,55.11,76,98,17.98
136,Palmeiras De Goias,BR,-16.805,-49.9258,67.95,98,100,3.91
137,Sur,OM,22.5667,59.5289,73.08,53,2,9.98
138,Wlodawa,PL,51.55,23.55,23.49,94,100,7.85
139,Arrecife,ES,28.963,-13.5477,60.78,88,0,8.05
140,Eydhafushi,MV,5.1033,73.0708,80.51,73,25,5.12
141,Clyde River,CA,70.4692,-68.5914,-11.04,82,2,5.95
142,Tiznit,MA,29.5833,-9.5,56.77,81,85,7.2
143,Inirida,CO,3.8653,-67.9239,74.8,89,20,3.02
144,Kashi,CN,39.4547,75.9797,22.95,55,0,4.45
145,Panaba,MX,21.2833,-88.2667,74.71,85,30,4.76
146,Faya,SA,18.3851,42.4509,48.72,68,42,1.83
147,Ponnani,IN,10.767,75.9252,72.72,69,2,8.75
148,Banes,CU,20.9625,-75.7186,73.81,81,0,6.76
149,The Valley,AI,18.217,-63.0578,80.1,76,1,15.23
150,Najran,SA,17.4924,44.1277,54.25,51,4,2.24
151,Humaita,BR,-7.5061,-63.0208,73.9,97,97,2.35
152,Gauripur,IN,26.0835,89.9616,69.03,66,12,3.51
153,Port Shepstone,ZA,-30.7414,30.455,72.75,93,100,4.92
154,Buzmeyin,TM,38.0507,58.2056,47.39,46,77,4.07
155,Peno,RU,56.9262,32.7426,15.03,96,100,6.33
156,Comodoro Rivadavia,AR,-45.8667,-67.5,55.26,41,0,6.91
157,Windhoek,NA,-22.5594,17.0832,66.42,52,58,2.86
158,Placido De Castro,BR,-10.3353,-67.1856,75.63,87,100,2.15
159,Nushki,PK,29.5542,66.0215,44.67,26,0,1.19
160,Abonnema,NG,4.7084,6.7931,77.83,85,99,4.79
161,Keflavik,IS,64.0049,-22.5624,21.63,63,20,17.27
162,Carnarvon,AU,-24.8667,113.6333,80.82,55,0,10.56
163,Korla,CN,41.7597,86.1469,20.64,57,0,4.7
164,Ohrid,MK,41.1172,20.8019,52.75,86,95,7.81
165,New Waterford,US,40.8451,-80.6145,39.61,93,99,6.33
166,Aosta,IT,45.7667,7.4167,29.62,89,95,1.99
167,Novoalekseyevskaya,RU,44.8189,40.9339,41.16,82,99,5.26
168,Dhidhdhoo,MV,6.8833,73.1,81.59,73,6,14.72
169,Mogadishu,SO,2.0371,45.3438,76.21,82,0,13.13
170,Riyadh,SA,24.6877,46.7219,57.34,43,67,3.8
171,Turukhansk,RU,65.8167,87.9833,-0.09,90,100,16.89
172,Geraldton,AU,-28.7667,114.6,90.01,18,0,13.8
173,Rudiskes,LT,54.5167,24.8333,19.67,99,95,4.68
174,Kavaratti,IN,10.5669,72.642,81.73,69,0,8.21
175,Taltal,CL,-25.4,-70.4833,64.09,85,55,1.79
176,Antofagasta,CL,-23.65,-70.4,67.28,79,16,2.24
177,Taoudenni,ML,22.6783,-3.9836,73.11,31,0,9.62
178,Ponta Do Sol,PT,32.6667,-17.1,61.72,80,52,13.69
179,Camacupa,AO,-12.0167,17.4833,58.12,96,95,1.95
180,Mana,GF,5.6592,-53.7767,75.18,91,68,7.07
181,Mosquera,CO,4.7059,-74.2302,46.49,87,20,3.44
182,Odzak,BA,45.0111,18.3267,41.09,87,100,1.05
183,Mercedes,AR,-34.6515,-59.4307,66.78,54,0,9.48
184,Pisco,PE,-13.7,-76.2167,69.85,83,75,3.44
185,Hobyo,SO,5.3505,48.5268,77.77,70,83,15.46
186,Porto Santo,PT,33.072,-16.3415,62.98,63,40,17.27
187,Lahij,YE,13.1667,44.5833,66.61,78,61,3.42
188,Tessalit,ML,20.1986,1.0114,67.57,21,0,5.99
189,Puerto Colombia,CO,10.9878,-74.9547,80.69,82,40,17.76
190,Soverato,IT,38.685,16.5499,67.15,80,94,6.17
191,Uarini,BR,-2.99,-65.1083,74.86,90,87,2.3
192,Ewo,CG,-0.8725,14.8206,71.22,77,28,2.57
193,Kidal,ML,18.4411,1.4078,69.08,20,0,8.52
194,Pangnirtung,CA,66.1451,-65.7125,7.68,96,99,6.89
195,Oranjestad,AW,12.524,-70.027,80.91,83,20,17.27
196,Thinadhoo,MV,0.5333,72.9333,80.8,74,16,6.02
197,Estelle,US,29.8458,-90.1067,55.4,65,0,0.0
198,Palora,EC,-1.7,-77.9333,65.17,97,95,2.3
199,Umm Kaddadah,SD,13.6017,26.6876,62.26,35,100,13.98
200,Kautokeino,NO,69.0125,23.0412,9.97,95,100,3.04
201,Saint-Augustin,CA,51.226,-58.6502,28.58,77,16,14.12
202,Port-Gentil,GA,-0.7193,8.7815,80.58,77,99,8.57
203,Mazsalaca,LV,57.8633,25.0547,17.46,98,97,6.78
204,Torbay,CA,47.6666,-52.7314,38.57,96,100,25.01
205,Ashington,GB,50.9331,-0.3909,32.43,88,7,8.61
206,Ciudad Bolivar,VE,8.1222,-63.5497,76.51,78,31,10.94
207,Coruripe,BR,-10.1256,-36.1756,77.07,84,99,12.57
208,Kambove,CD,-10.8764,26.5969,60.01,93,100,0.51
209,Marand,IR,38.4329,45.7749,36.75,87,2,1.52
210,Urucui,BR,-7.2294,-44.5561,77.61,69,100,0.76
211,Mayahi,NE,13.9553,7.6712,65.59,17,85,10.38
212,Hofn,IS,64.2539,-15.2082,20.26,64,100,18.9
213,Ilulissat,GL,69.2167,-51.1,28.42,69,75,11.5
214,Opuwo,NA,-18.0607,13.84,66.24,76,50,2.77
215,Autazes,BR,-3.5797,-59.1306,76.73,78,29,0.92
216,Saint-Pierre,RE,-21.3393,55.4781,78.48,69,100,1.14
217,Iquique,CL,-20.2208,-70.1431,68.04,72,25,3.09
218,Srivardhan,IN,18.0333,73.0167,79.0,66,8,4.59
219,Harper,LR,4.375,-7.7169,77.47,84,25,5.79
220,Jawar,IN,23.0,76.5,67.98,55,97,4.0
221,La Palma,US,33.8464,-118.0467,57.94,68,100,3.44
222,Ozimek,PL,50.6794,18.2137,27.36,96,100,8.99
223,Langres,FR,47.8333,5.3333,23.2,89,100,9.44
224,Montlucon,FR,46.3333,2.6,29.7,98,100,5.41
225,Port Hawkesbury,CA,45.6169,-61.3485,39.18,90,85,11.01
226,Jaru,BR,-10.4389,-62.4664,73.85,92,99,1.95
227,Bathsheba,BB,13.2167,-59.5167,80.06,90,40,18.41
228,Biltine,TD,14.5333,20.9167,67.1,27,81,13.69
229,Takoradi,GH,4.8845,-1.7554,78.1,86,84,5.12
230,Durban,ZA,-29.8579,31.0292,74.01,93,91,1.99
231,Porbandar,IN,21.6422,69.6093,76.06,47,85,8.5
232,Padang,ID,-0.9492,100.3543,84.25,64,58,2.95
233,Saint Anthony,US,45.0205,-93.218,32.95,94,100,4.61
234,Nuuk,GL,64.1835,-51.7216,27.88,92,100,11.99
235,Kharitonovo,RU,61.4009,47.4978,14.38,91,100,8.23
236,Gagino,RU,55.2314,45.0339,22.39,90,100,14.97
237,Montes Claros,BR,-16.735,-43.8617,65.37,98,100,2.53
238,Yar-Sale,RU,66.8333,70.8333,10.65,93,100,13.73
239,Gusau,NG,12.1628,6.6614,69.6,17,100,9.26
240,San Juan,AR,-31.5375,-68.5364,78.94,20,0,8.01
241,Marsh Harbour,BS,26.5412,-77.0636,76.35,74,91,13.85
242,Meaux,FR,48.9167,3.0,27.09,83,29,6.55
243,Quelimane,MZ,-17.8786,36.8883,72.82,91,45,3.67
244,Paamiut,GL,61.994,-49.6678,21.6,72,98,6.04
245,Ugoofaaru,MV,5.6667,73.0,80.6,75,16,9.28
246,Porto Velho,BR,-8.7619,-63.9039,77.05,94,75,4.61
247,Shahdadkot,PK,27.8477,67.9055,62.19,31,0,2.82
248,Sisimiut,GL,66.9395,-53.6735,28.17,84,100,16.67
249,Miraflores,MX,19.2167,-98.8083,61.03,57,59,4.23
250,Lodwar,KE,3.1191,35.5973,78.15,56,2,3.44
251,Struga,MK,41.1781,20.6761,51.31,89,91,4.72
252,Mecca,SA,21.4267,39.8261,72.01,55,0,4.68
253,Jirkov,CZ,50.4998,13.4477,27.16,79,100,1.79
254,Sao Miguel Do Araguaia,BR,-13.275,-50.1628,71.2,94,100,4.03
255,Karasjok,NO,69.4719,25.5112,19.78,92,100,7.99
256,Usinsk,RU,65.9939,57.5281,12.63,91,100,23.44
257,Puerto Leguizamo,CO,-0.1934,-74.7819,73.06,96,100,2.21
258,Mitsamiouli,KM,-11.3847,43.2844,79.79,80,84,8.88
259,Krasnoselkup,RU,65.7,82.4667,4.78,80,100,20.11
260,Yashkul,RU,46.1711,45.3435,32.22,80,100,6.38
261,Wilmington,US,34.2257,-77.9447,52.95,80,75,24.16
262,Ape,LV,57.5393,26.6929,10.51,98,88,4.56
263,Mul,IN,20.0667,79.6667,74.39,57,83,3.4
264,Pitimbu,BR,-7.4706,-34.8086,79.39,78,57,8.19
265,Peniche,PT,39.3558,-9.3811,59.56,85,27,19.24
266,Uch,FR,45.3192,-0.9345,37.29,75,100,17.25
267,Mizdah,LY,31.4451,12.9801,62.19,41,94,6.42
268,Abu Kamal,SY,34.4506,40.9171,55.38,69,0,7.02
269,Eyl,SO,7.9803,49.8164,72.5,80,2,11.54
270,Chute-Aux-Outardes,CA,49.1168,-68.399,30.0,79,86,15.21
271,Namibe,AO,-15.1961,12.1522,67.8,83,54,4.32
272,Monkey Bay,MW,-14.0728,34.9201,76.14,77,100,4.85
273,Abu Samrah,SY,35.3029,37.1841,51.49,84,22,3.58
274,Madimba,TZ,-10.4,40.3333,77.49,86,32,4.05
275,Iguape,BR,-24.7081,-47.5553,67.75,87,0,5.1
276,Coari,BR,-4.085,-63.1414,75.16,89,59,1.74
277,Diffa,NE,13.3154,12.6113,68.38,34,100,9.42
278,Olafsvik,IS,64.8945,-23.7142,24.3,54,99,11.59
279,Sao Joao De Pirabas,BR,-0.7747,-47.1772,75.15,92,100,5.12
280,Nueva Loja,EC,0.0847,-76.8828,70.23,98,95,2.15
281,Darnah,LY,32.767,22.6367,67.39,56,14,13.38
282,Emba,KZ,48.8264,58.1442,12.52,82,32,5.7
283,Dolgoderevenskoye,RU,55.3444,61.3444,1.74,78,40,0.0
284,Sorland,NO,67.667,12.6934,28.26,35,94,11.81
285,Mezen,RU,65.8522,44.24,16.18,89,100,15.01
286,Nienburg,DE,52.6333,9.2167,22.71,93,6,3.24
287,Los Llanos De Aridane,ES,28.6585,-17.9182,58.75,67,0,10.36
288,Ceccano,IT,41.5677,13.3333,57.74,92,73,2.91
289,Tazovskiy,RU,67.4667,78.7,10.26,90,100,15.1
290,Tres Passos,BR,-27.4556,-53.9319,66.72,74,44,2.06
291,Jabinyanah,TN,35.035,10.9081,57.0,61,0,12.24
292,Sao Raimundo Das Mangabeiras,BR,-7.0219,-45.4811,74.8,81,98,0.92
293,Wukari,NG,7.85,9.7833,69.98,23,36,2.24
294,Afyonkarahisar,TR,38.75,30.6667,48.72,88,100,3.67
295,Shamary,RU,57.3434,58.2199,1.29,100,100,2.98
296,Kensington,AU,-33.9167,151.2167,71.19,49,91,1.01
297,Knysna,ZA,-34.0363,23.0471,67.23,94,100,2.06
298,Sertanopolis,BR,-23.0586,-51.0364,75.27,68,93,2.71
299,Evreux,FR,49.0241,1.1508,30.69,100,20,4.61
300,Lalibela,ET,12.0333,39.0333,52.81,68,6,3.47
301,Alpena,US,45.0617,-83.4327,35.19,99,100,4.61
302,Soligalich,RU,59.0778,42.2864,20.71,93,100,11.63
303,Magole,TZ,-6.3667,37.3667,71.71,91,99,1.72
304,La Serena,CL,-29.9078,-71.2542,60.31,100,75,6.91
305,Santa Isabel Do Rio Negro,BR,-0.4139,-65.0192,75.52,79,98,2.21
306,Krasnyy Yar,RU,46.5331,48.3456,22.93,92,92,8.39
307,Seredka,RU,58.1584,28.1858,15.55,99,94,3.94
308,Bilma,NE,18.6853,12.9164,68.0,19,100,7.67
309,Tonekabon,IR,36.8163,50.8738,55.35,86,93,1.12
310,Rawson,AR,-43.3002,-65.1023,59.83,59,7,7.61
311,Koungou,YT,-12.7336,45.2042,78.51,89,63,2.3
312,Marzuq,YE,14.4,46.4667,54.48,43,23,2.91
313,Kruisfontein,ZA,-34.0033,24.7314,65.5,94,91,3.69
314,Vila Do Maio,CV,15.1333,-23.2167,74.19,80,0,17.76
315,Bomet,KE,-0.7813,35.3416,51.1,86,5,2.95
316,Garmsar,IR,35.2182,52.3409,50.86,60,100,2.26
317,Sistranda,NO,63.7256,8.834,30.16,67,100,15.66
318,Bulawayo,ZW,-20.15,28.5833,65.66,83,73,3.15
319,Banikoara,BJ,11.2985,2.4386,69.94,19,27,5.12
320,Brae,GB,60.3964,-1.353,37.2,62,100,12.66
321,Port-Cartier,CA,50.0334,-66.8654,26.28,87,27,8.48
322,Costinesti,RO,43.95,28.6333,40.24,83,53,8.59
323,Sakakah,SA,29.9697,40.2064,54.34,65,0,5.32
324,Iqaluit,CA,63.7506,-68.5145,17.33,86,100,3.44
325,Limon,CR,10.0,-83.0333,75.06,84,77,3.33
326,Gweta,BW,-20.1833,25.2333,72.28,76,100,5.1
327,Falanna,GR,39.7167,22.4,54.97,92,96,1.72
328,Marovoay,MG,-16.1,46.6333,76.48,84,87,3.76
329,Gunjur,GM,13.2019,-16.7339,68.07,88,0,8.05
330,Cordoba,AR,-31.4135,-64.1811,75.76,43,0,10.36
331,Ouadda,CF,8.0777,22.4007,65.62,23,13,5.64
332,Ornes,NO,66.8689,13.7078,25.38,83,100,7.18
333,Phalaborwa,ZA,-23.943,31.1411,72.68,91,100,5.28
334,Oranjemund,NA,-28.55,16.4333,67.51,91,23,11.7
335,Rundu,NA,-17.9333,19.7667,67.98,86,98,3.27
336,Dwarka,IN,22.2394,68.9678,75.65,53,71,10.83
337,Yarega,RU,63.4354,53.5765,9.64,92,93,8.48
338,Jalu,LY,29.0331,21.5482,64.35,46,0,8.01
339,Boden,SE,65.8252,21.6886,3.2,94,97,3.51
340,Pryluky,UA,50.5932,32.3876,30.2,97,99,2.93
341,Sumbe,AO,-11.2061,13.8437,74.62,80,99,5.97
342,Villa Maria,AR,-32.4075,-63.2402,63.82,61,0,8.43
343,Itaituba,BR,-4.2761,-55.9836,78.04,71,99,1.74
344,Tolstoy-Yurt,RU,43.4444,45.7722,35.92,100,100,2.24
345,Jabalpur,IN,23.167,79.9501,65.25,68,52,0.0
346,Zelenets,RU,61.8849,50.7489,17.85,93,92,7.56
347,Unjha,IN,23.8,72.4,69.42,39,82,4.43
348,Umaria,IN,23.5333,80.8333,63.27,52,12,1.25
349,Gloversville,US,43.0528,-74.3438,33.55,95,100,5.99
350,Uzhur,RU,55.3036,89.8339,-8.63,95,40,4.74
351,Sao Jose Da Coroa Grande,BR,-8.8978,-35.1478,77.18,80,98,8.86
352,Mut,TR,36.6439,33.4389,51.76,88,15,1.05
353,San Rafael,AR,-34.6177,-68.3301,71.19,24,0,7.76
354,Purna,IN,19.1833,77.05,73.29,60,41,3.15
355,Sechura,PE,-5.5569,-80.8222,69.66,78,56,8.97
356,Encruzilhada Do Sul,BR,-30.5439,-52.5219,60.98,89,6,13.31
357,Jega,NG,12.2175,4.3792,69.1,20,99,7.58
358,Bogotol,RU,56.2078,89.5342,-11.83,98,33,4.14
359,Porteirinha,BR,-15.7433,-43.0283,66.76,96,92,3.36
360,Tonantins,BR,-2.8731,-67.8022,73.62,98,100,1.92
361,Teguise,ES,29.0605,-13.564,57.42,88,0,8.05
362,Alagoa Grande,BR,-7.1583,-35.63,73.72,88,100,3.24
363,Virginia Beach,US,36.8529,-75.978,59.05,95,100,16.11
364,Ilorin,NG,8.5,4.55,76.37,50,76,3.62
365,Saint John,CA,45.2727,-66.0677,32.05,83,86,12.35
366,Valparaiso,CL,-33.0393,-71.6273,56.84,88,0,4.61
367,Alta Floresta,BR,-9.8756,-56.0861,70.5,99,99,3.04
368,Tallahassee,US,30.4383,-84.2807,49.32,88,0,0.0
369,Kologriv,RU,58.8275,44.3178,19.44,94,100,12.66
370,Vila Franca Do Campo,PT,37.7167,-25.4333,59.41,84,100,4.76
371,Nampula,MZ,-15.1165,39.2666,70.52,96,87,3.8
372,Rosa Zarate,EC,0.3333,-79.4667,74.8,84,89,2.77
373,Nuevitas,CU,21.5453,-77.2644,72.09,82,0,4.79
374,Sioux Lookout,CA,50.1001,-91.917,23.07,93,100,8.05
375,Igarka,RU,67.4667,86.5833,4.33,91,100,21.25
376,Tyukhtet,RU,56.5389,89.3011,-12.71,99,41,3.2
377,Raudeberg,NO,61.9875,5.1352,28.87,50,100,10.89
378,Aktau,KZ,43.65,51.2,27.18,70,7,11.86
379,Henties Bay,NA,-22.116,14.2845,63.72,86,97,1.99
380,Alberdi,AR,-32.8899,-60.6906,68.07,49,0,14.97
381,Yarada,IN,17.65,83.2667,75.52,94,20,2.3
382,Poltava,UA,49.5937,34.5407,31.33,97,100,0.47
383,Tweed,CA,44.4751,-77.3162,32.86,97,100,12.48
384,Husavik,IS,66.0449,-17.3389,15.85,78,100,3.31
385,Sosnovo,RU,60.5514,30.2144,15.49,97,99,3.76
386,Kaniama,CD,-7.5667,24.1833,62.96,97,96,2.04
387,Oriximina,BR,-1.7656,-55.8661,77.49,73,96,3.13
388,Mahalapye,BW,-23.1041,26.8142,71.64,71,87,10.92
389,Antalaha,MG,-14.9003,50.2788,73.45,86,100,4.29
390,Nalut,LY,30.3333,10.85,63.23,34,17,12.19
391,Uige,AO,-7.6087,15.0613,64.71,99,100,1.21
392,Verkhnyaya Inta,RU,65.9811,60.3094,16.45,79,21,19.44
393,Kalmunai,LK,7.4167,81.8167,79.84,75,37,10.11
394,Sinnar,SD,13.5691,33.5672,73.11,51,32,9.82
395,Tank,PK,32.2217,70.3793,59.27,21,0,2.95
396,Kattivakkam,IN,13.2167,80.3167,77.09,72,70,7.96
397,Pailon,BO,-17.65,-62.75,72.5,96,100,6.87
398,Cockburn Town,TC,21.4612,-71.1419,78.24,66,0,17.09
399,Neyshabur,IR,36.2133,58.7958,45.28,50,99,1.01
400,Prnjavor,BA,44.8703,17.6628,38.46,88,96,3.38
401,Imeni Zhelyabova,RU,58.9544,36.5956,20.75,96,100,4.18
402,Sinop,TR,41.7711,34.8709,47.89,91,47,5.35
403,Anzio,IT,41.4853,12.6179,60.26,99,42,13.11
404,Naples,IT,40.8333,14.25,66.15,89,75,4.61
405,Marabba,SD,12.35,32.1833,72.46,38,17,10.13
406,Albox,ES,37.3886,-2.1495,51.33,77,2,8.57
407,Rincon,US,32.296,-81.2354,58.86,78,0,6.91
408,Mao,ES,39.8885,4.2658,59.56,82,0,12.66
409,Pontes E Lacerda,BR,-15.2261,-59.3353,73.02,95,100,2.13
410,Sao Jose Do Belmonte,BR,-7.8614,-38.7597,80.38,51,99,2.24
411,Hamilton,US,39.1834,-84.5333,42.73,73,100,6.91
412,Trinidad,BO,-14.8333,-64.9,74.46,92,100,4.29
413,Santa Cruz,BO,-17.8,-63.1667,71.06,94,75,24.16
414,Botwood,CA,49.1499,-55.3482,33.91,88,100,14.92
415,Sovetskiy,RU,61.3614,63.5842,0.34,99,87,4.72
416,Luba,GQ,3.4568,8.5547,78.69,83,58,5.35
417,Ous,RU,60.9058,61.5186,5.92,92,11,5.7
418,Calbuco,CL,-41.768,-73.1273,52.81,72,100,20.89
419,Peterborough,GB,52.5736,-0.2478,30.09,93,6,6.91
420,Concepcion,CL,-36.827,-73.0498,60.6,77,0,10.36
421,Narsaq,GL,60.9167,-46.05,12.42,74,16,6.35
422,Vorotynsk,RU,54.4283,36.0465,29.12,93,92,11.36
423,Esik,KZ,43.3552,77.4525,9.82,64,2,8.25
424,Chapais,CA,49.7834,-74.8492,24.58,90,100,12.97
425,Saumur,FR,47.3333,-0.25,32.11,85,100,11.7
426,Qaqortoq,GL,60.7167,-46.0333,10.0,76,11,5.32
427,Channel-Port Aux Basques,CA,47.5702,-59.1367,36.52,73,93,22.32
428,Ilmenau,DE,50.6833,10.9,16.2,90,100,3.47
429,Azare,NG,11.6765,10.1948,67.37,19,100,8.81
430,Westport,US,41.1415,-73.3579,43.9,87,100,17.0
431,La Romana,DO,18.4273,-68.9728,70.16,100,20,4.61
432,Bangassou,CF,4.7413,22.8184,66.09,59,9,1.54
433,Turbat,PK,26.0023,63.044,62.1,22,2,8.34
434,Rocha,UY,-34.4833,-54.3333,56.62,66,0,8.86
435,Monrovia,LR,6.3005,-10.7969,78.1,80,11,3.96
436,Salalah,OM,17.0151,54.0924,73.49,49,0,8.05
437,Itaberai,BR,-16.0203,-49.8103,66.38,97,100,2.55
438,Maniitsoq,GL,65.4167,-52.9,28.24,81,100,9.71
439,Domoni,KM,-12.2569,44.5319,78.22,84,16,4.41
440,Barao De Melgaco,BR,-16.1944,-55.9675,74.37,92,100,4.85
441,Mitu,CO,1.1983,-70.1733,71.24,99,91,1.95
442,Chabahar,IR,25.2919,60.643,71.49,40,4,3.27
443,Riviere-Au-Renard,CA,48.9957,-64.3971,32.29,83,100,12.62
444,Visnes,NO,59.3556,5.2242,36.21,93,100,16.11
445,Omboue,GA,-1.5746,9.2618,76.86,86,100,4.81
446,Chicama,PE,-7.8447,-79.1469,68.54,78,99,4.41
447,Atbasar,KZ,51.8,68.3333,-5.44,88,78,5.5
448,Isabela,PH,6.7085,121.9711,87.85,69,99,1.14
449,Kutum,SD,14.2,24.6667,55.78,43,46,7.05
450,Agadir,MA,30.4202,-9.5982,61.25,73,49,4.05
451,Joshimath,IN,30.5667,79.5667,55.96,18,0,4.43
452,Gorodishche,RU,48.8045,44.4744,25.68,86,40,13.42
453,Shu,KZ,43.5983,73.7614,17.91,82,9,3.38
454,Bardiyah,LY,31.7561,25.0865,66.02,53,0,8.7
455,Nizhniy Baskunchak,RU,48.2198,46.8311,29.64,91,100,8.57
456,Punta Cardon,VE,11.6581,-70.215,78.57,83,28,24.32
457,Arenal,CO,8.4593,-73.9433,75.81,86,87,2.3
458,Camocim,BR,-2.9022,-40.8411,76.95,82,100,9.13
459,Marawi,PH,7.9986,124.2928,77.85,62,100,4.32
460,El Alto,PE,-4.2714,-81.2147,67.15,82,82,11.36
461,Akdepe,TM,42.0551,59.3788,24.89,59,100,10.45
462,Nepomuceno,BR,-21.2358,-45.2358,61.02,97,27,4.92
463,Kisangani,CD,0.5167,25.2,68.02,98,100,1.25
464,Ferme-Neuve,CA,46.7001,-75.4493,32.85,80,100,12.59
465,Albany,US,42.6001,-73.9662,35.67,90,100,3.0
466,Santa Lucia,ES,27.9117,-15.5407,58.32,68,75,11.5
467,Kondinskoye,RU,59.6481,67.41,-1.79,95,38,8.86
468,Abu Dhabi,AE,24.4667,54.3667,69.96,77,0,2.3
469,Yining,CN,29.0361,114.5636,52.16,49,98,6.89
470,Pocoes,BR,-14.5297,-40.3653,64.54,99,100,2.01
471,Wadi Maliz,TN,36.4681,8.5495,49.66,61,43,3.56
472,Miranda,CO,3.2499,-76.2281,69.93,89,93,4.97
473,Tsaratanana,MG,-16.7833,47.65,73.65,78,100,5.44
474,Skjervoy,NO,70.0311,20.9714,30.2,63,100,12.77
475,Mehriz,IR,31.5917,54.4318,45.1,48,73,1.79
476,Dakar,SN,14.6937,-17.4441,72.48,74,0,17.65
477,Medzev,SK,48.7004,20.8937,32.74,99,100,1.83
478,Leshukonskoye,RU,64.8989,45.7622,16.21,87,100,10.92
479,Kamenka,RU,51.3223,42.7678,22.44,92,100,9.37
480,Kudahuvadhoo,MV,2.6708,72.8944,80.02,74,28,2.21
481,Hualmay,PE,-11.0964,-77.6139,69.78,85,100,6.89
482,Nicoya,CR,10.1483,-85.452,74.01,85,65,4.54
483,Gornopravdinsk,RU,60.05,69.9,0.37,91,82,8.46
484,Butembo,CD,0.15,29.2833,54.37,96,87,2.51
485,Yaval,IN,21.1667,75.7,76.69,60,40,3.76
486,Ponta Delgada,PT,37.7333,-25.6667,59.72,77,75,5.75
487,Adre,TD,13.4667,22.2,62.11,29,93,13.82
488,Jacareacanga,BR,-6.2222,-57.7528,73.8,95,76,0.87
489,Belize,BZ,17.25,-88.75,71.92,99,18,2.98
490,Kazanskoye,RU,55.6448,69.235,-6.05,90,5,7.11
491,Marathon,US,44.9,-89.7668,29.73,90,100,13.8
492,Oksfjord,NO,70.2396,22.3479,32.18,87,100,9.82
493,Agnibilekrou,CI,7.1344,-3.2047,67.55,81,0,1.99
494,Cap Malheureux,MU,-19.9842,57.6142,78.48,66,100,8.99
495,Great Yarmouth,GB,52.6083,1.7305,34.02,63,11,12.1
496,Odweyne,SO,9.4092,45.064,59.52,48,4,9.73
497,Barberton,ZA,-25.7884,31.0532,66.25,92,44,2.39
498,Huarmey,PE,-10.0681,-78.1522,69.8,82,100,6.44
499,San Andres,CO,12.5847,-81.7006,82.42,78,40,11.5
500,Inhambane,MZ,-23.865,35.3833,77.05,87,100,2.59
501,Nassau,US,40.7507,-73.5829,43.7,91,100,14.97
502,Awbari,LY,26.5921,12.7805,63.95,36,0,8.05
503,Mugla,TR,37.2303,28.3557,48.36,94,46,3.53
504,Khuzdar,PK,27.7384,66.6434,50.63,20,0,5.66
505,Mantua,IT,45.1667,10.7833,41.61,91,100,8.01
506,Diu,IN,20.7141,70.9822,76.6,59,100,8.25
507,Morondava,MG,-20.2833,44.2833,77.74,83,97,4.56
508,Bajil,YE,15.0584,43.2851,73.44,76,81,3.36
509,Mekhe,SN,15.1097,-16.6218,72.63,29,0,9.24
510,Balkhash,KZ,46.844,74.9804,2.01,78,0,17.9
511,Rensvik,NO,63.1,7.8167,31.66,93,75,5.75
512,Yenagoa,NG,4.9247,6.2642,75.7,91,22,3.51
513,Antanifotsy,MG,-19.65,47.3167,59.18,97,100,2.21
514,Romitan,UZ,39.9343,64.3814,33.75,80,0,0.0
515,Banyo,CM,6.75,11.8167,66.2,29,98,2.55
516,Kango,GA,0.1943,10.0951,72.88,97,36,0.54
517,Witu,KE,-2.3889,40.4382,78.96,91,2,5.23
518,Iquitos,PE,-3.7481,-73.2472,75.24,88,75,3.44
519,Akhmim,EG,26.5622,31.745,59.92,56,0,6.15
520,Olinda,BR,-8.0089,-34.8553,80.33,69,20,8.05
521,Potosi,BO,-19.5836,-65.7531,45.48,73,94,8.34
522,Lubango,AO,-14.9172,13.4925,59.63,70,99,1.61
523,Les Cayes,HT,18.2,-73.75,72.59,83,0,5.53
524,Paramonga,PE,-10.6667,-77.8333,69.78,85,100,6.06
525,Quatre Cocos,MU,-20.2078,57.7625,78.1,63,99,13.35
526,Benguela,AO,-12.5763,13.4055,73.26,80,98,2.08
527,Sabla,NG,12.7525,4.7077,68.94,19,96,8.32
528,Luena,AO,-11.7833,19.9167,59.49,97,99,3.22
529,Bageshwar,IN,29.85,79.7667,55.69,25,0,0.6
530,Nizhneivkino,RU,58.194,49.5214,14.2,93,100,10.33
531,Floresti,MD,47.8933,28.3014,32.65,98,71,5.03
532,Maceio,BR,-9.6658,-35.7353,74.64,88,0,3.44
533,Saint-Francois,FR,46.4154,3.9054,33.24,93,100,6.91
534,Guasdualito,VE,7.2424,-70.7324,77.0,83,100,3.44
535,Gardelegen,DE,52.5252,11.3952,22.57,95,13,1.9
536,Puri,IN,19.8,85.85,72.12,55,5,7.18
537,Beloha,MG,-25.1667,45.05,72.54,86,100,4.74
538,Sagauli,IN,26.7833,84.7333,60.96,33,75,5.08
539,Jagdalpur,IN,19.0667,82.0333,73.17,56,7,2.28
540,Canutama,BR,-6.5339,-64.3831,72.9,97,100,1.97
541,Mocuba,MZ,-16.8392,36.9856,70.77,91,93,0.69
542,Betare Oya,CM,5.6,14.0833,69.12,38,17,3.67
543,Sukhumi,GE,43.0033,41.0153,54.45,86,100,0.89
544,Laurinburg,US,34.7741,-79.4628,46.74,93,100,4.61
545,Zwedru,LR,6.0667,-8.1281,71.94,95,2,2.37
546,Bougouni,ML,11.417,-7.479,69.31,18,0,4.94
547,Bengkulu,ID,-3.8004,102.2655,83.62,64,91,5.5
548,Surt,LY,31.2089,16.5887,68.77,49,5,12.35
549,Margate,GB,51.3813,1.3862,39.69,78,9,5.99
550,Pitsunda,GE,43.1592,40.3378,53.78,91,100,8.19
551,Rawatsar,IN,29.2833,74.3833,59.29,30,0,2.93
552,San Jose,US,37.3394,-121.895,49.87,76,40,1.01
553,Skole,UA,49.0372,23.5135,36.43,96,100,3.56
554,Palmito,CO,9.3333,-75.55,76.44,92,79,4.94
555,Morant Bay,JM,17.8815,-76.4093,80.22,81,15,10.71
556,Gat,IL,31.61,34.7642,60.4,84,0,4.59
557,Floro,NO,61.5996,5.0328,29.97,77,100,10.18
558,Chandla,IN,25.0833,80.2,60.01,48,6,1.92
559,Grodzisk Wielkopolski,PL,52.2276,16.3653,19.81,84,100,6.91
560,Bull Savanna,JM,17.8868,-77.5902,73.18,85,7,9.57
561,Shelburne,CA,44.0787,-80.2041,31.12,99,100,13.38
562,Vavuniya,LK,8.7514,80.4971,75.94,78,100,3.09
563,Aksu,CN,41.1231,80.2644,21.83,56,0,4.05
564,Alwar,IN,27.5667,76.6,59.34,28,12,3.15
565,Meulaboh,ID,4.1363,96.1285,81.34,81,89,9.91
566,Cape Coast,GH,5.1053,-1.2466,78.13,87,74,5.32
567,Candido Mendes,BR,-1.4467,-45.7167,75.09,92,100,3.36
568,La Asuncion,VE,11.0333,-63.8628,80.33,83,0,13.8
569,Rovaniemi,FI,66.5,25.7167,6.21,92,0,6.91
570,Warrington,GB,53.3925,-2.5802,32.99,87,11,2.24
571,Iranshahr,IR,27.2025,60.6848,48.54,31,0,0.0
572,Camopi,GF,3.1655,-52.3158,70.47,99,100,2.39
573,Shubarshi,KZ,48.5872,57.1869,11.97,86,56,4.23
574,Solvychegodsk,RU,61.3305,46.9156,15.58,89,100,9.04
575,Agadez,NE,19.75,10.25,61.45,25,48,2.39
576,Thunder Bay,CA,48.4001,-89.3168,37.38,75,100,13.8
577,Cuenca,EC,-2.8833,-78.9833,55.53,82,20,5.75
578,Le Vauclin,MQ,14.5452,-60.8388,79.84,83,20,9.22
579,Grand-Bourg,GP,15.8835,-61.3148,73.35,76,0,16.84
580,Telimele,GN,10.9167,-13.3333,65.07,87,0,0.6
581,Morros,BR,-9.4467,-46.3003,75.99,72,100,1.63
582,Aksarka,RU,66.5606,67.7975,2.93,98,97,9.66
583,Buxton,GB,53.2574,-1.9098,30.33,93,12,1.63
584,Palmital,BR,-22.7889,-50.2175,69.82,65,58,2.24
585,La Maddalena,IT,41.2142,9.4083,59.05,82,8,14.36
586,Tutoia,BR,-2.7619,-42.2744,79.5,79,82,10.29
587,Kadhan,PK,24.481,68.9859,66.76,23,1,5.46
588,Blyth,GB,55.1271,-1.5086,28.47,87,15,2.3
589,Manoel Urbano,BR,-8.8389,-69.2597,73.11,97,100,2.64
590,Boysun,UZ,38.2061,67.1986,42.12,41,0,4.23
591,Belokurikha,RU,51.9959,84.9896,1.02,85,0,4.16
592,Alcaniz,ES,41.05,-0.1333,48.31,75,72,9.89
593,Matara,LK,5.9485,80.5353,77.68,82,100,3.24
594,Mormugao,IN,15.4,73.8,76.26,65,2,6.91
595,Corinto,GR,37.9407,22.9573,56.89,79,20,2.35
596,Challapata,BO,-18.9,-66.7667,49.87,65,46,15.41
597,Damghan,IR,36.1683,54.348,42.98,67,100,1.41
598,Yenotayevka,RU,47.2456,47.0281,28.33,93,100,8.1
599,Beroroha,MG,-21.6667,45.1667,73.8,83,40,2.59
600,Bilina,CZ,50.5485,13.7754,25.36,80,100,1.52
601,Kashipur,IN,29.2167,78.95,54.07,51,0,1.81
602,Puerto Suarez,BO,-18.95,-57.8,73.44,87,100,2.73
603,Lere,NG,10.387,8.5726,64.83,24,78,4.79
604,Concarneau,FR,47.875,-3.9225,36.39,81,52,10.96
605,Nouakchott,MR,18.0858,-15.9785,67.93,60,0,12.33
606,Ust-Tarka,RU,55.5672,75.705,-9.74,91,11,7.45
607,Chulym,RU,55.0997,80.9572,-11.79,95,18,4.47
608,Iskateley,RU,67.6803,53.1512,16.09,86,100,21.16
609,Kedrovyy,RU,56.1667,91.8167,9.01,96,85,4.0
610,Ajdabiya,LY,30.7554,20.2263,65.88,47,0,8.86
611,Hainichen,DE,50.9667,13.1167,24.93,86,100,4.07
612,Sao Paulo De Olivenca,BR,-3.3783,-68.8725,73.45,98,100,0.72
613,Bembereke,BJ,10.2283,2.6634,67.73,22,19,4.99
614,Tignere,CM,7.3667,12.65,65.77,23,87,1.34
615,Santa Rosa,PH,14.3122,121.1114,88.11,75,72,13.42
616,Angoche,MZ,-16.2325,39.9086,77.02,88,66,8.75
617,Gamba,GA,-2.65,10.0,76.15,86,92,1.72
618,Xanlar,AZ,40.5869,46.3158,35.11,100,100,6.91
619,Altay,CN,47.8667,88.1167,5.31,56,0,6.64
620,Stornoway,GB,58.2093,-6.3865,26.56,93,100,0.0
621,Ubinskoye,RU,55.3068,79.6802,-8.97,94,30,6.49
622,Natal,BR,-5.795,-35.2094,77.65,78,40,6.91
623,Farafangana,MG,-22.8167,47.8333,73.63,89,83,4.29
624,Lakota,CI,5.8528,-5.6883,70.66,98,8,2.66
625,Bodden Town,KY,19.2833,-81.25,80.6,78,20,6.91
626,Pontal Do Parana,BR,-25.6533,-48.5128,66.9,90,0,4.34
627,San Ignacio,BZ,17.1561,-89.0714,71.74,100,0,0.0
628,Maxixe,MZ,-23.8597,35.3472,76.12,89,100,2.13
629,Mattru,SL,7.6244,-11.8332,73.78,94,0,1.9
630,Maralal,KE,1.0968,36.698,55.85,78,7,3.18
631,Zhezkazgan,KZ,47.8043,67.7144,10.38,85,75,11.18
632,Bakchar,RU,57.0186,82.0711,-11.74,97,98,4.14
633,Mora,CM,11.0461,14.1401,67.86,22,26,3.78
634,Quebec,CA,46.8123,-71.2145,34.07,84,100,24.16
635,Vieques,PR,18.425,-65.8329,79.11,83,40,3.44
636,Awassa,ET,7.05,38.4667,56.68,78,9,4.5
637,Tabuk,PH,17.4189,121.4443,82.54,73,99,3.94
638,Soyo,AO,-6.1349,12.3689,77.79,88,100,8.28
639,Luanda,AO,-8.8368,13.2343,75.2,88,20,4.61
640,Boa Vista,BR,2.8197,-60.6733,76.98,73,0,8.05
641,Garsten,AT,47.9987,14.4035,32.4,94,100,1.25
642,La Rioja,ES,42.25,-2.5,40.78,87,85,6.35
643,Zanjan,IR,36.6736,48.4787,33.49,93,20,6.91
644,Sakti,IN,22.0333,82.9667,70.05,38,7,4.07
645,Kupino,RU,54.3663,77.2981,-9.36,91,10,8.77
646,Kouango,CF,4.9934,19.9619,74.34,63,16,1.12
647,Tena,EC,-0.9833,-77.8167,68.52,98,87,2.59
648,Channarayapatna,IN,12.9044,76.3917,65.95,63,49,7.4
649,Zholymbet,KZ,51.7433,71.7122,-8.37,82,0,3.0
650,Apastepeque,SV,13.6667,-88.7833,69.26,81,0,1.52
651,Ancud,CL,-41.8697,-73.8203,50.04,84,64,4.68
652,Cabedelo,BR,-6.9811,-34.8339,79.47,79,71,9.26
653,Bonthe,SL,7.5264,-12.505,78.04,82,3,4.92
654,Severnyy,RU,50.677,36.5532,30.24,100,100,6.71
655,Rokycany,CZ,49.7427,13.5946,28.11,100,100,5.99
656,San Juan Del Sur,NI,11.2529,-85.8705,78.76,81,17,18.3
657,Leamington,CA,42.0549,-82.6062,38.88,79,97,5.01
658,Vestmannaeyjar,IS,63.4427,-20.2734,22.84,82,31,14.36
659,Abha,SA,18.2164,42.5053,49.82,76,0,0.0
660,Aswan,EG,24.0934,32.907,62.55,50,0,9.01
661,Owando,CG,-0.4819,15.8999,70.29,86,35,0.65
662,Eenhana,NA,-17.4667,16.3333,67.68,79,56,1.92
663,Gaimersheim,DE,48.807,11.368,29.77,73,100,1.01
664,Batticaloa,LK,7.7102,81.6924,79.84,75,60,10.94
665,Machali,CL,-34.1833,-70.6667,69.78,20,0,1.12
666,Kontagora,NG,10.3999,5.4695,70.83,21,83,4.56
667,Sokolo,ML,14.7328,-6.1219,72.07,14,1,8.55
668,Sokone,SN,13.8833,-16.3667,71.15,15,18,7.16
669,Krasnozerskoye,RU,53.9828,79.2374,-7.82,91,16,7.81
670,Ubala,CO,4.7478,-72.5369,74.34,80,23,4.94
671,Oistins,BB,13.0667,-59.5333,79.52,83,40,18.41
672,Vestmanna,FO,62.1564,-7.1664,27.52,69,75,2.3
673,Camacha,PT,33.0833,-16.3333,60.22,63,40,13.8
674,Kalugumalai,IN,9.15,77.7167,73.17,73,22,3.44
675,Karema,TZ,-6.8205,30.4389,67.32,90,95,3.04
676,Starobaltachevo,RU,56.0013,55.9213,-3.41,100,98,3.6
677,Ginda,IN,30.6945,78.4932,53.51,19,0,4.03
678,Carutapera,BR,-1.195,-46.02,77.72,84,100,5.77
679,Kanniyakumari,IN,8.0833,77.5667,77.7,70,29,19.64
680,Wagar,SD,16.1525,36.2032,69.4,86,22,9.26
681,Aleksandrovskoye,RU,44.7142,43.0008,34.99,95,100,5.12
682,Praia Da Vitoria,PT,38.7333,-27.0667,59.76,88,75,12.82
683,Bogolyubovo,RU,56.1956,40.5297,23.45,95,100,14.36
684,Moussoro,TD,13.6408,16.4901,68.83,19,79,11.95
685,Sandy Bay,AU,-42.913,147.3532,60.1,74,75,16.11
686,Lubao,PH,14.9167,120.55,89.67,61,60,14.41
687,Ravar,IR,31.2656,56.8055,45.64,38,62,0.92
688,Santiago De Cao,PE,-7.9589,-79.2392,69.93,88,75,6.91
689,Tabas,IR,33.5959,56.9244,52.88,35,71,1.19
690,Kindu,CD,-2.95,25.95,67.91,99,100,2.59
691,Bamako,ML,12.65,-8.0,69.04,16,0,4.25
692,Manono,CD,-7.3,27.4167,66.9,95,100,1.81
693,Bebra,DE,50.9667,9.8,19.62,87,94,2.73
694,Sirjan,IR,29.452,55.6814,45.34,41,7,4.94
695,Bela,IN,25.9333,81.9833,58.51,36,5,5.5
696,Jumla,NP,29.2747,82.1838,50.95,14,0,1.5
697,Tunceli,TR,39.1083,39.5471,43.23,87,88,3.31
698,Inverness,GB,57.4791,-4.224,28.31,93,0,2.3
699,Numan,NG,9.4667,12.0333,70.66,21,18,2.13
700,Goderich,CA,43.7501,-81.7165,36.91,93,100,11.5
701,Am Timan,TD,11.0297,20.2827,68.54,19,84,6.55
702,Tolbazy,RU,54.0241,55.8825,-4.13,96,69,3.38
703,Taloda,IN,21.5667,74.2167,77.27,66,77,5.64
704,Kapuskasing,CA,49.4169,-82.4331,32.09,93,100,18.41
705,Ouesso,CG,1.6136,16.0517,70.38,81,23,1.95
706,Gobabis,NA,-22.45,18.9667,69.13,43,88,3.98
707,Jibuti,DJ,11.5,42.5,65.55,81,64,8.25
708,Bonavista,CA,48.6499,-53.1147,35.71,87,100,28.95
709,Iracoubo,GF,5.4802,-53.2011,75.58,89,95,7.63
710,Carbonia,IT,39.1672,8.5222,56.05,91,46,6.15
711,Voi,KE,-3.3945,38.563,68.77,95,7,1.21
712,Okhtyrka,UA,50.3104,34.8988,31.6,97,100,2.62
713,West Bay,KY,19.3667,-81.4167,80.67,81,20,6.91
714,Benghazi,LY,32.1167,20.0667,67.75,59,14,10.49
715,Tazmalt,DZ,36.3868,4.3989,55.87,78,84,5.23
716,Maloy,NO,61.9353,5.1136,29.73,50,100,10.36
717,Brattvag,NO,62.6002,6.4434,34.29,80,75,4.61
718,Vangaindrano,MG,-23.35,47.6,71.46,94,80,2.77
719,Salisbury,GB,51.0693,-1.7957,29.01,96,7,9.22
720,Haarlemmermeer,NL,52.3,4.6667,36.03,85,0,5.99
721,Wladyslawowo,PL,54.7909,18.4009,23.79,88,33,8.9
722,Reinosa,ES,42.9996,-4.138,42.46,96,100,2.62
723,Kipini,KE,-2.5257,40.5262,79.09,84,5,8.03
724,Buchanan,LR,5.8808,-10.0467,77.4,83,36,2.62
